{"positive pixel ratio": 0.12933349609375, "_runtime": 4196, "_timestamp": 1678375267, "_step": 205, "train max F1": 0.39975976943969727, "train argmax F1": 85, "train false positive rate": 0.013212415389716625, "train false negative rate": 0.6327435374259949, "step": 69, "epoch": 68, "test max F1": 0.5029364824295044, "test argmax F1": 0, "test false positive rate": 0.022665461525321007, "test false negative rate": 0.5629202127456665}